{"cameraMode":{"drawMode":0,"name":"Shaded","section":"Shading Mode"},"sceneLighting":true,"audioPlay":false,"sceneViewState":{"m_AlwaysRefresh":false,"showFog":true,"showSkybox":true,"showFlares":true,"showImageEffects":true,"showParticleSystems":true,"showVisualEffectGraphs":true,"m_FxEnabled":true},"in2DMode":false,"pivot":{"x":-30.946949005126954,"y":7.437741756439209,"z":323.24102783203127},"rotation":{"x":0.005991786252707243,"y":0.05277003347873688,"z":0.0003172291035298258,"w":-0.9985941052436829},"size":164.816162109375,"orthographic":false}