{"cameraMode":{"drawMode":0,"name":"Shaded","section":"Shading Mode"},"sceneLighting":false,"audioPlay":false,"sceneViewState":{"m_AlwaysRefresh":false,"showFog":false,"showSkybox":false,"showFlares":false,"showImageEffects":false,"showParticleSystems":false,"showVisualEffectGraphs":true,"m_FxEnabled":true},"in2DMode":false,"pivot":{"x":0.012743055820465088,"y":0.9600898027420044,"z":-0.6764638423919678},"rotation":{"x":0.008027873933315277,"y":0.9913229942321777,"z":-0.10898499190807343,"w":0.07300341874361038},"size":1.1238332986831666,"orthographic":false}