{"cameraMode":{"drawMode":0,"name":"Shaded","section":"Shading Mode"},"sceneLighting":true,"audioPlay":false,"sceneViewState":{"m_AlwaysRefresh":false,"showFog":true,"showSkybox":true,"showFlares":true,"showImageEffects":true,"showParticleSystems":true,"showVisualEffectGraphs":true,"m_FxEnabled":true},"in2DMode":false,"pivot":{"x":-19.218645095825197,"y":-25.693971633911134,"z":96.81448364257813},"rotation":{"x":0.1411442905664444,"y":-0.1096494272351265,"z":0.015731675550341607,"w":0.9837726950645447},"size":57.525997161865237,"orthographic":false}